{
  "BAM": {
    "recall@1": 0.0,
    "recall@5": 0.0005385029617662897,
    "recall@10": 0.0010770059235325794,
    "recall@20": 0.0026925148088314485,
    "recall@50": 0.0059235325794291865,
    "recall@100": 0.014001077005923533,
    "mrr": 0.000506148310211167,
    "ndcg@10": 0.0003782001529457568,
    "bloom_Remember_recall@1": 0.0,
    "bloom_Remember_recall@5": 0.0,
    "bloom_Remember_recall@10": 0.0,
    "bloom_Remember_recall@10_ci_lo": 0.0,
    "bloom_Remember_recall@10_ci_hi": 0.0,
    "bloom_Remember_n": 1150,
    "bloom_Remember_recall@20": 0.0017391304347826088,
    "bloom_Remember_recall@50": 0.0034782608695652175,
    "bloom_Remember_recall@100": 0.00608695652173913,
    "bloom_Understand_recall@1": 0.0,
    "bloom_Understand_recall@5": 0.0,
    "bloom_Understand_recall@10": 0.0,
    "bloom_Understand_recall@10_ci_lo": 0.0,
    "bloom_Understand_recall@10_ci_hi": 0.0,
    "bloom_Understand_n": 27,
    "bloom_Understand_recall@20": 0.0,
    "bloom_Understand_recall@50": 0.0,
    "bloom_Understand_recall@100": 0.0,
    "bloom_Apply_recall@1": 0.0,
    "bloom_Apply_recall@5": 0.0,
    "bloom_Apply_recall@10": 0.0031545741324921135,
    "bloom_Apply_recall@10_ci_lo": 0.0,
    "bloom_Apply_recall@10_ci_hi": 0.00946372239747634,
    "bloom_Apply_n": 317,
    "bloom_Apply_recall@20": 0.0031545741324921135,
    "bloom_Apply_recall@50": 0.00946372239747634,
    "bloom_Apply_recall@100": 0.022082018927444796,
    "bloom_Analyze_recall@1": 0.0,
    "bloom_Analyze_recall@5": 0.0,
    "bloom_Analyze_recall@10": 0.0,
    "bloom_Analyze_recall@10_ci_lo": 0.0,
    "bloom_Analyze_recall@10_ci_hi": 0.0,
    "bloom_Analyze_n": 95,
    "bloom_Analyze_recall@20": 0.010526315789473684,
    "bloom_Analyze_recall@50": 0.021052631578947368,
    "bloom_Analyze_recall@100": 0.031578947368421054,
    "bloom_Evaluate_recall@1": 0.0,
    "bloom_Evaluate_recall@5": 0.0,
    "bloom_Evaluate_recall@10": 0.0,
    "bloom_Evaluate_recall@10_ci_lo": 0.0,
    "bloom_Evaluate_recall@10_ci_hi": 0.0,
    "bloom_Evaluate_n": 85,
    "bloom_Evaluate_recall@20": 0.0,
    "bloom_Evaluate_recall@50": 0.0,
    "bloom_Evaluate_recall@100": 0.03529411764705882,
    "bloom_Create_recall@1": 0.0,
    "bloom_Create_recall@5": 0.00546448087431694,
    "bloom_Create_recall@10": 0.00546448087431694,
    "bloom_Create_recall@10_ci_lo": 0.0,
    "bloom_Create_recall@10_ci_hi": 0.01639344262295082,
    "bloom_Create_n": 183,
    "bloom_Create_recall@20": 0.00546448087431694,
    "bloom_Create_recall@50": 0.01092896174863388,
    "bloom_Create_recall@100": 0.03278688524590164,
    "avg_active_dims": 764.2778930664062,
    "avg_latency_ms": 14.372525736689568
  },
  "MRL Baseline": {
    "recall@1": 0.30586968228325256,
    "recall@5": 0.46957458266020463,
    "recall@10": 0.5304254173397954,
    "recall@20": 0.592891760904685,
    "recall@50": 0.6919763058696823,
    "recall@100": 0.7571351642434033,
    "mrr": 0.38586024809100616,
    "ndcg@10": 0.414012316788979,
    "bloom_Remember_recall@1": 0.34956521739130436,
    "bloom_Remember_recall@5": 0.5339130434782609,
    "bloom_Remember_recall@10": 0.5991304347826087,
    "bloom_Remember_recall@10_ci_lo": 0.5678260869565217,
    "bloom_Remember_recall@10_ci_hi": 0.6269565217391304,
    "bloom_Remember_n": 1150,
    "bloom_Remember_recall@20": 0.6608695652173913,
    "bloom_Remember_recall@50": 0.7513043478260869,
    "bloom_Remember_recall@100": 0.8156521739130435,
    "bloom_Understand_recall@1": 0.14814814814814814,
    "bloom_Understand_recall@5": 0.18518518518518517,
    "bloom_Understand_recall@10": 0.25925925925925924,
    "bloom_Understand_recall@10_ci_lo": 0.1111111111111111,
    "bloom_Understand_recall@10_ci_hi": 0.4444444444444444,
    "bloom_Understand_n": 27,
    "bloom_Understand_recall@20": 0.37037037037037035,
    "bloom_Understand_recall@50": 0.4074074074074074,
    "bloom_Understand_recall@100": 0.48148148148148145,
    "bloom_Apply_recall@1": 0.14195583596214512,
    "bloom_Apply_recall@5": 0.24605678233438485,
    "bloom_Apply_recall@10": 0.3028391167192429,
    "bloom_Apply_recall@10_ci_lo": 0.25236593059936907,
    "bloom_Apply_recall@10_ci_hi": 0.3501577287066246,
    "bloom_Apply_n": 317,
    "bloom_Apply_recall@20": 0.35331230283911674,
    "bloom_Apply_recall@50": 0.49842271293375395,
    "bloom_Apply_recall@100": 0.5583596214511041,
    "bloom_Analyze_recall@1": 0.37894736842105264,
    "bloom_Analyze_recall@5": 0.49473684210526314,
    "bloom_Analyze_recall@10": 0.5789473684210527,
    "bloom_Analyze_recall@10_ci_lo": 0.4842105263157895,
    "bloom_Analyze_recall@10_ci_hi": 0.6736842105263158,
    "bloom_Analyze_n": 95,
    "bloom_Analyze_recall@20": 0.6947368421052632,
    "bloom_Analyze_recall@50": 0.7578947368421053,
    "bloom_Analyze_recall@100": 0.7894736842105263,
    "bloom_Evaluate_recall@1": 0.1411764705882353,
    "bloom_Evaluate_recall@5": 0.23529411764705882,
    "bloom_Evaluate_recall@10": 0.25882352941176473,
    "bloom_Evaluate_recall@10_ci_lo": 0.17647058823529413,
    "bloom_Evaluate_recall@10_ci_hi": 0.36470588235294116,
    "bloom_Evaluate_n": 85,
    "bloom_Evaluate_recall@20": 0.3058823529411765,
    "bloom_Evaluate_recall@50": 0.47058823529411764,
    "bloom_Evaluate_recall@100": 0.5764705882352941,
    "bloom_Create_recall@1": 0.3770491803278688,
    "bloom_Create_recall@5": 0.5901639344262295,
    "bloom_Create_recall@10": 0.6338797814207651,
    "bloom_Create_recall@10_ci_lo": 0.5628415300546448,
    "bloom_Create_recall@10_ci_hi": 0.6994535519125683,
    "bloom_Create_n": 183,
    "bloom_Create_recall@20": 0.6939890710382514,
    "bloom_Create_recall@50": 0.7650273224043715,
    "bloom_Create_recall@100": 0.8415300546448088,
    "avg_latency_ms": 1.22633861998717,
    "mrl_d64_recall@1": 0.24986537425955843,
    "mrl_d64_recall@5": 0.3877221324717286,
    "mrl_d64_recall@10": 0.44857296715131934,
    "mrl_d64_recall@20": 0.5088852988691438,
    "mrl_d64_recall@50": 0.5998922994076468,
    "mrl_d64_recall@100": 0.6715131933225633,
    "mrl_d128_recall@1": 0.2730210016155089,
    "mrl_d128_recall@5": 0.436725901992461,
    "mrl_d128_recall@10": 0.4905761981690899,
    "mrl_d128_recall@20": 0.5530425417339795,
    "mrl_d128_recall@50": 0.654281098546042,
    "mrl_d128_recall@100": 0.721055465805062,
    "mrl_d256_recall@1": 0.29940764674205705,
    "mrl_d256_recall@5": 0.4544964997307485,
    "mrl_d256_recall@10": 0.5158858373721056,
    "mrl_d256_recall@20": 0.5756596661281637,
    "mrl_d256_recall@50": 0.6682821755519656,
    "mrl_d256_recall@100": 0.7415185783521809,
    "mrl_d384_recall@1": 0.30586968228325256,
    "mrl_d384_recall@5": 0.46795907377490575,
    "mrl_d384_recall@10": 0.5293484114162628,
    "mrl_d384_recall@20": 0.5923532579429187,
    "mrl_d384_recall@50": 0.6925148088314486,
    "mrl_d384_recall@100": 0.7582121701669359,
    "mrl_d512_recall@1": 0.3026386645126548,
    "mrl_d512_recall@5": 0.46095853527194397,
    "mrl_d512_recall@10": 0.5218093699515347,
    "mrl_d512_recall@20": 0.5950457727517501,
    "mrl_d512_recall@50": 0.686052773290253,
    "mrl_d512_recall@100": 0.7544426494345718
  }
}