{
  "QA-MRL": {
    "recall@1": 0.001388888888888889,
    "ndcg@1": 0.001388888888888889,
    "recall@5": 0.002777777777777778,
    "ndcg@5": 0.0021742567733135125,
    "recall@10": 0.006944444444444444,
    "ndcg@10": 0.003570097602795574,
    "recall@20": 0.011111111111111112,
    "ndcg@20": 0.004622274318438108,
    "recall@50": 0.03333333333333333,
    "ndcg@50": 0.008914236200015106,
    "mrr": 0.005824818934453538,
    "map": 0.005824818934453538,
    "bloom_Remember_recall@1": 0.0,
    "bloom_Remember_recall@5": 0.0,
    "bloom_Remember_recall@10": 0.0055248618784530384,
    "bloom_Remember_recall@20": 0.011049723756906077,
    "bloom_Remember_recall@50": 0.027624309392265192,
    "bloom_Understand_recall@1": 0.0025974025974025974,
    "bloom_Understand_recall@5": 0.005194805194805195,
    "bloom_Understand_recall@10": 0.007792207792207792,
    "bloom_Understand_recall@20": 0.007792207792207792,
    "bloom_Understand_recall@50": 0.033766233766233764,
    "bloom_Apply_recall@1": 0.0,
    "bloom_Apply_recall@5": 0.0,
    "bloom_Apply_recall@10": 0.002857142857142857,
    "bloom_Apply_recall@20": 0.008571428571428572,
    "bloom_Apply_recall@50": 0.03428571428571429,
    "bloom_Analyze_recall@1": 0.003787878787878788,
    "bloom_Analyze_recall@5": 0.007575757575757576,
    "bloom_Analyze_recall@10": 0.011363636363636364,
    "bloom_Analyze_recall@20": 0.015151515151515152,
    "bloom_Analyze_recall@50": 0.026515151515151516,
    "bloom_Evaluate_recall@1": 0.0,
    "bloom_Evaluate_recall@5": 0.0,
    "bloom_Evaluate_recall@10": 0.007936507936507936,
    "bloom_Evaluate_recall@20": 0.023809523809523808,
    "bloom_Evaluate_recall@50": 0.07142857142857142,
    "bloom_Create_recall@1": 0.0,
    "bloom_Create_recall@5": 0.0,
    "bloom_Create_recall@10": 0.007462686567164179,
    "bloom_Create_recall@20": 0.007462686567164179,
    "bloom_Create_recall@50": 0.014925373134328358,
    "bloom_aligned_recall@1": 0.7277777777777777,
    "bloom_aligned_recall@5": 0.7270833333333333,
    "bloom_aligned_recall@10": 0.5584027777777778,
    "bloom_aligned_recall@20": 0.5150694444444445,
    "bloom_aligned_recall@50": 0.5733194444444444,
    "tail_recall@1": 0.0014492753623188406,
    "tail_recall@5": 0.002898550724637681,
    "tail_recall@10": 0.007246376811594203,
    "tail_recall@20": 0.010869565217391304,
    "tail_recall@50": 0.03260869565217391,
    "head_recall@1": 0.0,
    "head_recall@5": 0.0,
    "head_recall@10": 0.0,
    "head_recall@20": 0.016666666666666666,
    "head_recall@50": 0.05,
    "tail_head_gap@10": -0.007246376811594203,
    "num_tail_queries": 1380,
    "num_head_queries": 60,
    "avg_latency_ms": 2.3266642968705358,
    "avg_active_dims": 323.20001220703125
  }
}