{"train/curriculum":0.9666307471264367,"val/recall_1":0.43803879618644714,"train/total":0.3281077590032384,"train/policy_entropy":1.790788293013285,"train/contrastive":0.01235904027547302,"val/recall_10":0.6869612336158752,"val/ndcg_10":0.56072998046875,"train/policy_contrastive":0.01106723656919022,"_runtime":6819.880318996,"_wandb":{"runtime":6819},"train/curriculum_temperature":0.05166846264367816,"_timestamp":1.7748963960836818e+09,"_step":1740,"val/recall_5":0.6244612336158752,"train/alpha":1,"train/policy_avg_dim":359.2474021253915}