{
  "BAM": {
    "recall@1": 0.0,
    "recall@5": 0.0016155088852988692,
    "recall@10": 0.0059235325794291865,
    "recall@20": 0.009693053311793215,
    "recall@50": 0.015616585891222402,
    "recall@100": 0.022617124394184167,
    "mrr": 0.0016716902991655662,
    "ndcg@10": 0.002216080958497022,
    "bloom_Remember_recall@1": 0.0,
    "bloom_Remember_recall@5": 0.0008695652173913044,
    "bloom_Remember_recall@10": 0.0008695652173913044,
    "bloom_Remember_recall@10_ci_lo": 0.0,
    "bloom_Remember_recall@10_ci_hi": 0.0026086956521739132,
    "bloom_Remember_n": 1150,
    "bloom_Remember_recall@20": 0.0017391304347826088,
    "bloom_Remember_recall@50": 0.004347826086956522,
    "bloom_Remember_recall@100": 0.00608695652173913,
    "bloom_Understand_recall@1": 0.0,
    "bloom_Understand_recall@5": 0.0,
    "bloom_Understand_recall@10": 0.0,
    "bloom_Understand_recall@10_ci_lo": 0.0,
    "bloom_Understand_recall@10_ci_hi": 0.0,
    "bloom_Understand_n": 27,
    "bloom_Understand_recall@20": 0.0,
    "bloom_Understand_recall@50": 0.0,
    "bloom_Understand_recall@100": 0.0,
    "bloom_Apply_recall@1": 0.0,
    "bloom_Apply_recall@5": 0.0,
    "bloom_Apply_recall@10": 0.00946372239747634,
    "bloom_Apply_recall@10_ci_lo": 0.0,
    "bloom_Apply_recall@10_ci_hi": 0.01892744479495268,
    "bloom_Apply_n": 317,
    "bloom_Apply_recall@20": 0.00946372239747634,
    "bloom_Apply_recall@50": 0.025236593059936908,
    "bloom_Apply_recall@100": 0.0473186119873817,
    "bloom_Analyze_recall@1": 0.0,
    "bloom_Analyze_recall@5": 0.0,
    "bloom_Analyze_recall@10": 0.010526315789473684,
    "bloom_Analyze_recall@10_ci_lo": 0.0,
    "bloom_Analyze_recall@10_ci_hi": 0.031578947368421054,
    "bloom_Analyze_n": 95,
    "bloom_Analyze_recall@20": 0.021052631578947368,
    "bloom_Analyze_recall@50": 0.021052631578947368,
    "bloom_Analyze_recall@100": 0.021052631578947368,
    "bloom_Evaluate_recall@1": 0.0,
    "bloom_Evaluate_recall@5": 0.011764705882352941,
    "bloom_Evaluate_recall@10": 0.023529411764705882,
    "bloom_Evaluate_recall@10_ci_lo": 0.0,
    "bloom_Evaluate_recall@10_ci_hi": 0.058823529411764705,
    "bloom_Evaluate_n": 85,
    "bloom_Evaluate_recall@20": 0.03529411764705882,
    "bloom_Evaluate_recall@50": 0.047058823529411764,
    "bloom_Evaluate_recall@100": 0.047058823529411764,
    "bloom_Create_recall@1": 0.0,
    "bloom_Create_recall@5": 0.00546448087431694,
    "bloom_Create_recall@10": 0.02185792349726776,
    "bloom_Create_recall@10_ci_lo": 0.00546448087431694,
    "bloom_Create_recall@10_ci_hi": 0.04371584699453552,
    "bloom_Create_n": 183,
    "bloom_Create_recall@20": 0.04371584699453552,
    "bloom_Create_recall@50": 0.0546448087431694,
    "bloom_Create_recall@100": 0.07650273224043716,
    "avg_active_dims": 764.2778930664062,
    "avg_latency_ms": 1.9140294442574184
  },
  "MRL Baseline": {
    "recall@1": 0.2681744749596123,
    "recall@5": 0.42057081313947225,
    "recall@10": 0.4668820678513732,
    "recall@20": 0.5067312870220786,
    "recall@50": 0.57619816908993,
    "recall@100": 0.6160473882606354,
    "mrr": 0.3396706208162016,
    "ndcg@10": 0.36620834146481224,
    "bloom_Remember_recall@1": 0.31043478260869567,
    "bloom_Remember_recall@5": 0.5034782608695653,
    "bloom_Remember_recall@10": 0.5617391304347826,
    "bloom_Remember_recall@10_ci_lo": 0.5321739130434783,
    "bloom_Remember_recall@10_ci_hi": 0.591304347826087,
    "bloom_Remember_n": 1150,
    "bloom_Remember_recall@20": 0.6086956521739131,
    "bloom_Remember_recall@50": 0.6817391304347826,
    "bloom_Remember_recall@100": 0.7217391304347827,
    "bloom_Understand_recall@1": 0.07407407407407407,
    "bloom_Understand_recall@5": 0.2222222222222222,
    "bloom_Understand_recall@10": 0.2222222222222222,
    "bloom_Understand_recall@10_ci_lo": 0.07407407407407407,
    "bloom_Understand_recall@10_ci_hi": 0.4074074074074074,
    "bloom_Understand_n": 27,
    "bloom_Understand_recall@20": 0.2222222222222222,
    "bloom_Understand_recall@50": 0.3333333333333333,
    "bloom_Understand_recall@100": 0.4074074074074074,
    "bloom_Apply_recall@1": 0.11987381703470032,
    "bloom_Apply_recall@5": 0.17665615141955837,
    "bloom_Apply_recall@10": 0.1892744479495268,
    "bloom_Apply_recall@10_ci_lo": 0.14511041009463724,
    "bloom_Apply_recall@10_ci_hi": 0.2334384858044164,
    "bloom_Apply_n": 317,
    "bloom_Apply_recall@20": 0.20504731861198738,
    "bloom_Apply_recall@50": 0.27129337539432175,
    "bloom_Apply_recall@100": 0.305993690851735,
    "bloom_Analyze_recall@1": 0.35789473684210527,
    "bloom_Analyze_recall@5": 0.47368421052631576,
    "bloom_Analyze_recall@10": 0.5157894736842106,
    "bloom_Analyze_recall@10_ci_lo": 0.4105263157894737,
    "bloom_Analyze_recall@10_ci_hi": 0.6105263157894737,
    "bloom_Analyze_n": 95,
    "bloom_Analyze_recall@20": 0.5578947368421052,
    "bloom_Analyze_recall@50": 0.5894736842105263,
    "bloom_Analyze_recall@100": 0.6421052631578947,
    "bloom_Evaluate_recall@1": 0.09411764705882353,
    "bloom_Evaluate_recall@5": 0.17647058823529413,
    "bloom_Evaluate_recall@10": 0.2,
    "bloom_Evaluate_recall@10_ci_lo": 0.11764705882352941,
    "bloom_Evaluate_recall@10_ci_hi": 0.29411764705882354,
    "bloom_Evaluate_n": 85,
    "bloom_Evaluate_recall@20": 0.23529411764705882,
    "bloom_Evaluate_recall@50": 0.25882352941176473,
    "bloom_Evaluate_recall@100": 0.27058823529411763,
    "bloom_Create_recall@1": 0.3224043715846995,
    "bloom_Create_recall@5": 0.4371584699453552,
    "bloom_Create_recall@10": 0.48633879781420764,
    "bloom_Create_recall@10_ci_lo": 0.41530054644808745,
    "bloom_Create_recall@10_ci_hi": 0.5519125683060109,
    "bloom_Create_n": 183,
    "bloom_Create_recall@20": 0.5300546448087432,
    "bloom_Create_recall@50": 0.6174863387978142,
    "bloom_Create_recall@100": 0.6666666666666666,
    "avg_latency_ms": 1.2163002043962479,
    "mrl_d64_recall@1": 0.21324717285945072,
    "mrl_d64_recall@5": 0.34518039849219173,
    "mrl_d64_recall@10": 0.3834141087775983,
    "mrl_d64_recall@20": 0.42326332794830374,
    "mrl_d64_recall@50": 0.4884221863220248,
    "mrl_d64_recall@100": 0.535271943995692,
    "mrl_d128_recall@1": 0.25040387722132473,
    "mrl_d128_recall@5": 0.38556812062466345,
    "mrl_d128_recall@10": 0.4291868605277329,
    "mrl_d128_recall@20": 0.4658050619278406,
    "mrl_d128_recall@50": 0.5347334410339257,
    "mrl_d128_recall@100": 0.5810446957458266,
    "mrl_d256_recall@1": 0.25471190091545504,
    "mrl_d256_recall@5": 0.3963381798599892,
    "mrl_d256_recall@10": 0.4458804523424879,
    "mrl_d256_recall@20": 0.4938072159396877,
    "mrl_d256_recall@50": 0.5535810446957459,
    "mrl_d256_recall@100": 0.5988152934841141,
    "mrl_d384_recall@1": 0.26709746903607967,
    "mrl_d384_recall@5": 0.4141087775982768,
    "mrl_d384_recall@10": 0.45665051157781367,
    "mrl_d384_recall@20": 0.4975767366720517,
    "mrl_d384_recall@50": 0.5643511039310716,
    "mrl_d384_recall@100": 0.6095853527194399,
    "mrl_d512_recall@1": 0.2660204631125471,
    "mrl_d512_recall@5": 0.4130317716747442,
    "mrl_d512_recall@10": 0.4598815293484114,
    "mrl_d512_recall@20": 0.5013462574044157,
    "mrl_d512_recall@50": 0.567043618739903,
    "mrl_d512_recall@100": 0.613354873451804
  }
}