{
  "bloom_dim_table": {
    "Remember": 768,
    "Understand": 512,
    "Apply": 768,
    "Analyze": 768,
    "Evaluate": 768,
    "Create": 768
  },
  "bloom_expected_dim": {
    "Remember": 358.49547481536865,
    "Understand": 354.09411334991455,
    "Apply": 356.6975440979004,
    "Analyze": 356.26766872406006,
    "Evaluate": 355.02398014068604,
    "Create": 356.78054332733154
  },
  "bloom_dim_probs": {
    "Remember": [
      0.16098858416080475,
      0.1612006574869156,
      0.16282165050506592,
      0.17092469334602356,
      0.1718762367963791,
      0.17218810319900513
    ],
    "Understand": [
      0.16535641252994537,
      0.16455517709255219,
      0.16522657871246338,
      0.16780464351177216,
      0.16854162514209747,
      0.16851554811000824
    ],
    "Apply": [
      0.16278237104415894,
      0.1625499278306961,
      0.16420581936836243,
      0.16931332647800446,
      0.1702422946691513,
      0.17090627551078796
    ],
    "Analyze": [
      0.16335631906986237,
      0.16306345164775848,
      0.16445903480052948,
      0.16857686638832092,
      0.16965754330158234,
      0.1708867847919464
    ],
    "Evaluate": [
      0.16409890353679657,
      0.163925901055336,
      0.16537132859230042,
      0.16842493414878845,
      0.16872069239616394,
      0.16945821046829224
    ],
    "Create": [
      0.16266952455043793,
      0.16273899376392365,
      0.16428592801094055,
      0.16881994903087616,
      0.17033545672893524,
      0.1711501181125641
    ]
  },
  "dims": [
    64,
    128,
    256,
    384,
    512,
    768
  ],
  "is_monotonic": false,
  "avg_dim": 725.3333333333334,
  "theoretical_speedup": 1.0588235294117647
}