{"train/policy_entropy":1.7907882412445957,"val/recall_10":0.6875,"train/policy_contrastive":0.011069393499728276,"train/contrastive":0.012361316668704665,"_runtime":5622.868245361,"val/recall_5":0.6244612336158752,"train/alpha":1,"val/ndcg_10":0.5589838356807314,"val/recall_1":0.43803879618644714,"_timestamp":1.7749108113852994e+09,"train/curriculum":0.9666307471264367,"train/policy_avg_dim":359.24756207959405,"_wandb":{"runtime":5622},"train/curriculum_temperature":0.05166846264367816,"train/total":0.32810278911272,"_step":1740}